<?xml version="1.0" encoding="UTF-8"?>
<addon id="repository.lightberry" name="lightberry Add-ons" version="6.0.0" provider-name="lightberry">
	<extension point="xbmc.addon.repository" name="lightberry">
		<info compressed="true">https://raw.githubusercontent.com/LightberryEu/repo/master/addons.xml</info>
		<checksum>https://raw.githubusercontent.com/LightberryEu/repo/master/addons.xml.md5</checksum>
		<datadir zip="true">https://raw.githubusercontent.com/LightberryEu/repo/master/</datadir>
	</extension>
	<extension point="xbmc.addon.metadata">
		<summary>Official Repository of Lightberry</summary>
		<description>This is the official Repository of the Lightberry. Enjoy!</description>
		<platform>all</platform>
	</extension>
</addon>
